epoch,time,train/box_loss,train/cls_loss,train/dfl_loss,metrics/precision(B),metrics/recall(B),metrics/mAP50(B),metrics/mAP50-95(B),val/box_loss,val/cls_loss,val/dfl_loss,lr/pg0,lr/pg1,lr/pg2
1,14.5978,0.83244,3.03112,1.24124,0.00659,1,0.11583,0.06159,0.51537,2.91902,1.20501,7.145e-05,7.145e-05,7.145e-05
2,15.7477,0.60603,2.88998,1.12261,0.01093,1,0.39913,0.32983,0.36705,2.89903,1.02482,0.000155245,0.000155245,0.000155245
3,16.8275,0.50815,2.68847,1.05907,0.01953,1,0.48066,0.41391,0.37557,2.88872,1.02452,0.000236917,0.000236917,0.000236917
4,17.9044,0.49975,2.54017,1.03235,0.02364,1,0.51239,0.43959,0.38131,2.86191,1.02681,0.000316468,0.000316468,0.000316468
5,18.9296,0.47841,2.31578,1.00243,0.01894,1,0.70201,0.61968,0.35462,2.81239,0.97032,0.000393897,0.000393897,0.000393897
6,19.9758,0.55491,2.14128,1.05009,0.01526,1,0.74133,0.59114,0.46904,2.7804,1.07558,0.000469203,0.000469203,0.000469203
7,20.9919,0.59476,1.91427,1.05902,0.00955,1,0.77062,0.64978,0.46777,2.66104,1.0807,0.000542388,0.000542388,0.000542388
8,22.0315,0.52767,1.68639,1.02617,0.93978,0.09543,0.76134,0.58923,0.56295,2.39473,1.22166,0.00061345,0.00061345,0.00061345
9,23.1495,0.57239,1.53449,1.07383,0.77681,0.25199,0.79599,0.62891,0.61774,2.30304,1.24694,0.00068239,0.00068239,0.00068239
10,24.5299,0.56354,1.43894,1.05393,0.75822,0.4258,0.78022,0.63653,0.59162,2.19075,1.21153,0.000749209,0.000749209,0.000749209
11,25.5124,0.55599,1.30094,1.05522,0.80124,0.60163,0.78949,0.65522,0.54048,2.04394,1.17737,0.000813905,0.000813905,0.000813905
12,26.5054,0.52401,1.26522,1.00999,0.66215,0.43873,0.71586,0.61247,0.54624,2.16558,1.2057,0.000876479,0.000876479,0.000876479
13,27.4829,0.57587,1.27243,1.08889,0.74951,0.48527,0.81917,0.63274,0.67565,2.17276,1.27234,0.000936931,0.000936931,0.000936931
14,28.4514,0.54379,1.11222,1.04102,0.80141,0.69813,0.89522,0.72085,0.60488,1.85517,1.25693,0.000995261,0.000995261,0.000995261
15,29.4078,0.52568,1.11784,1.00676,0.78207,0.65468,0.90094,0.77247,0.55289,1.76574,1.19394,0.00105147,0.00105147,0.00105147
16,30.3953,0.55812,1.11834,1.02401,0.71458,0.63534,0.7884,0.67252,0.61565,1.82464,1.21892,0.00110555,0.00110555,0.00110555
17,31.3354,0.5712,1.09078,1.0341,0.67463,0.6485,0.70495,0.57805,0.68794,1.96487,1.44735,0.00114606,0.00114606,0.00114606
18,32.3092,0.5466,1.06653,1.06095,0.46386,0.49421,0.58619,0.30386,1.55068,2.24726,2.49529,0.00112837,0.00112837,0.00112837
19,33.258,0.63218,1.13437,1.0842,0.73437,0.38962,0.53466,0.25072,1.70652,2.40617,2.59577,0.00111069,0.00111069,0.00111069
20,34.2019,0.59483,1.1418,1.05707,0.55032,0.46468,0.46177,0.27151,1.31817,2.39854,2.05854,0.00109301,0.00109301,0.00109301
21,35.1556,0.59003,1.1111,1.06993,0.47209,0.47852,0.40797,0.19814,1.47368,2.6063,2.27673,0.00107532,0.00107532,0.00107532
22,36.1167,0.52367,1.01139,1.01743,0.55785,0.42065,0.34326,0.16633,1.90208,2.86922,2.90779,0.00105764,0.00105764,0.00105764
23,37.097,0.53331,1.07951,1.02037,0.75146,0.41925,0.61047,0.31551,1.48331,2.26979,2.30928,0.00103995,0.00103995,0.00103995
24,38.096,0.57087,1.0156,1.03581,0.89428,0.74296,0.87892,0.6706,0.72803,1.3311,1.31468,0.00102227,0.00102227,0.00102227
25,39.0448,0.49452,0.96833,0.98775,0.77472,0.89241,0.88884,0.7245,0.61601,1.1458,1.14088,0.00100459,0.00100459,0.00100459
26,40.0028,0.45914,0.87852,0.98714,0.87494,0.95209,0.95925,0.80894,0.51354,0.88063,1.15993,0.000986903,0.000986903,0.000986903
27,40.9285,0.47495,0.88904,1.01202,0.8673,0.9555,0.97803,0.84567,0.53024,0.84242,1.18641,0.000969219,0.000969219,0.000969219
28,41.8953,0.51487,0.92261,0.98553,0.94757,0.8751,0.95481,0.8409,0.47594,0.83362,1.11146,0.000951535,0.000951535,0.000951535
29,42.8328,0.52718,0.90474,1.02425,0.91822,0.79289,0.8952,0.78563,0.49173,1.0205,1.07417,0.000933851,0.000933851,0.000933851
30,43.8102,0.50175,0.882,0.99619,0.80762,0.8233,0.81438,0.70033,0.47975,1.32412,1.06214,0.000916168,0.000916168,0.000916168
31,44.7477,0.50009,0.90804,0.97983,0.84475,0.86013,0.87965,0.78506,0.45554,1.16116,1.04916,0.000898484,0.000898484,0.000898484
32,45.6992,0.51767,0.90267,1.00441,0.82104,0.92342,0.9551,0.86055,0.45673,0.89427,1.09985,0.0008808,0.0008808,0.0008808
33,46.6682,0.49184,0.82857,0.99277,0.87861,0.95562,0.95181,0.853,0.44138,0.83793,1.07604,0.000863116,0.000863116,0.000863116
34,47.8953,0.4908,0.86043,0.99048,0.92232,0.93099,0.95532,0.8479,0.51003,0.85113,1.15693,0.000845432,0.000845432,0.000845432
35,49.3163,0.48706,0.8361,1.00968,0.96161,0.8859,0.95688,0.84023,0.47918,0.86771,1.08889,0.000827748,0.000827748,0.000827748
36,50.751,0.46882,0.83106,0.95646,0.9647,0.93338,0.98496,0.88518,0.46493,0.75657,1.07912,0.000810064,0.000810064,0.000810064
37,52.235,0.45648,0.81896,0.97439,0.92481,0.96546,0.98974,0.88001,0.46682,0.72445,1.08613,0.00079238,0.00079238,0.00079238
38,53.6501,0.41197,0.76833,0.95576,0.97952,0.8916,0.98788,0.88161,0.46494,0.66182,1.11755,0.000774697,0.000774697,0.000774697
39,55.0479,0.43989,0.7567,0.9637,0.88451,1,0.9861,0.87579,0.45329,0.67615,1.09141,0.000757013,0.000757013,0.000757013
40,56.6552,0.43965,0.76924,0.97601,0.89628,0.97026,0.98122,0.86475,0.47,0.68717,1.12705,0.000739329,0.000739329,0.000739329
41,58.0728,0.39884,0.70063,0.94673,0.91464,0.95833,0.97906,0.86369,0.46519,0.70685,1.12688,0.000721645,0.000721645,0.000721645
42,59.533,0.41103,0.70296,0.94688,0.91626,0.95172,0.97662,0.86718,0.44687,0.73119,1.11544,0.000703961,0.000703961,0.000703961
43,60.9552,0.40089,0.71643,0.9299,0.93269,0.96935,0.97215,0.86292,0.44461,0.75048,1.12508,0.000686277,0.000686277,0.000686277
44,62.4739,0.42874,0.75994,0.9505,0.93301,0.90404,0.95315,0.87579,0.42423,0.80474,1.05206,0.000668593,0.000668593,0.000668593
45,63.851,0.43383,0.73717,0.98654,0.93309,0.9061,0.94698,0.88361,0.37842,0.76069,1.00391,0.000650909,0.000650909,0.000650909
46,65.2864,0.42351,0.73742,0.96265,0.94866,0.94016,0.94892,0.84958,0.43444,0.69044,1.08106,0.000633226,0.000633226,0.000633226
47,66.6576,0.45133,0.74652,0.97279,0.95367,0.94893,0.95263,0.8624,0.44495,0.68284,1.08916,0.000615542,0.000615542,0.000615542
48,68.1083,0.44948,0.79945,0.97239,0.93536,0.9527,0.96498,0.88767,0.39712,0.69362,1.02503,0.000597858,0.000597858,0.000597858
49,69.5583,0.42026,0.68857,0.95592,0.96797,0.9408,0.96801,0.88614,0.41966,0.65941,1.03615,0.000580174,0.000580174,0.000580174
50,71.0131,0.41634,0.6793,0.98412,0.96835,0.94452,0.97283,0.864,0.47711,0.64322,1.11054,0.00056249,0.00056249,0.00056249
51,72.433,0.43927,0.74487,0.98011,0.96612,0.94461,0.9766,0.86787,0.47878,0.63925,1.13867,0.000544806,0.000544806,0.000544806
52,73.8534,0.37554,0.68044,0.92949,0.95449,0.94908,0.97476,0.86559,0.49783,0.65979,1.19153,0.000527122,0.000527122,0.000527122
53,75.2552,0.38518,0.67443,0.93527,0.95078,0.95248,0.97291,0.85841,0.49513,0.67805,1.18704,0.000509438,0.000509438,0.000509438
54,76.6973,0.41196,0.71716,0.96143,0.95041,0.90228,0.96478,0.85936,0.45285,0.71197,1.1391,0.000491755,0.000491755,0.000491755
55,78.0518,0.38924,0.68116,0.93327,0.94672,0.90279,0.97038,0.8893,0.39809,0.68907,1.06889,0.000474071,0.000474071,0.000474071
56,79.5716,0.37269,0.65703,0.92752,0.91382,0.95506,0.97481,0.92373,0.33143,0.63544,0.98486,0.000456387,0.000456387,0.000456387
57,81.0345,0.39361,0.65247,0.97089,0.90256,0.95511,0.9729,0.92192,0.33027,0.61865,0.97034,0.000438703,0.000438703,0.000438703
58,82.4659,0.37501,0.66154,0.95246,0.90437,0.97684,0.97644,0.9134,0.32631,0.60023,0.95008,0.000421019,0.000421019,0.000421019
59,83.8382,0.36858,0.60623,0.95855,0.90225,0.97498,0.97747,0.92479,0.31054,0.58623,0.93848,0.000403335,0.000403335,0.000403335
60,85.2438,0.3603,0.6451,0.93317,0.88914,0.97602,0.97641,0.92318,0.30048,0.58252,0.91267,0.000385651,0.000385651,0.000385651
61,86.6414,0.37271,0.64439,0.92968,0.89341,0.97564,0.97724,0.92335,0.29913,0.57388,0.90878,0.000367967,0.000367967,0.000367967
62,88.0365,0.37752,0.65941,0.94084,0.89626,0.97917,0.97818,0.9286,0.31965,0.57581,0.92799,0.000350284,0.000350284,0.000350284
63,89.4419,0.32299,0.59279,0.90503,0.91144,0.97917,0.97687,0.93245,0.31182,0.55998,0.93911,0.0003326,0.0003326,0.0003326
64,90.9498,0.34968,0.60997,0.91716,0.95758,0.97618,0.98706,0.94788,0.2998,0.53079,0.9681,0.000314916,0.000314916,0.000314916
65,92.3287,0.3489,0.62736,0.93404,0.95709,0.97708,0.9861,0.94292,0.29614,0.52893,0.96594,0.000297232,0.000297232,0.000297232
66,93.8212,0.35742,0.62228,0.93903,0.96637,0.9734,0.98257,0.92947,0.30723,0.52056,0.96048,0.000279548,0.000279548,0.000279548
67,95.2119,0.28968,0.53493,0.90257,0.96901,0.97682,0.98181,0.92415,0.31308,0.51614,0.96453,0.000261864,0.000261864,0.000261864
68,96.6413,0.36622,0.63459,0.93316,0.96883,0.97917,0.98576,0.93151,0.29721,0.50567,0.94134,0.00024418,0.00024418,0.00024418
69,97.9872,0.33639,0.55987,0.92247,0.96781,0.97917,0.98788,0.93378,0.29748,0.50304,0.94001,0.000226497,0.000226497,0.000226497
70,99.4152,0.34395,0.60871,0.93187,0.96169,0.97917,0.99147,0.95289,0.27981,0.48786,0.92696,0.000208813,0.000208813,0.000208813
71,107.24,0.21084,0.6854,0.88213,0.95844,0.97917,0.99029,0.95046,0.27686,0.49641,0.92509,0.000191129,0.000191129,0.000191129
72,108.628,0.19578,0.63498,0.86497,0.96602,0.97917,0.98925,0.94188,0.29994,0.55095,0.93106,0.000173445,0.000173445,0.000173445
73,110.037,0.2029,0.62373,0.90229,0.96959,0.97917,0.98788,0.94013,0.31397,0.58912,0.93657,0.000155761,0.000155761,0.000155761
74,111.427,0.21087,0.63982,0.88846,0.96797,0.97917,0.99147,0.94363,0.31226,0.61613,0.93681,0.000138077,0.000138077,0.000138077
75,112.78,0.19707,0.57331,0.88048,0.96462,0.97876,0.99029,0.93915,0.31097,0.60754,0.94335,0.000120393,0.000120393,0.000120393
76,114.178,0.18752,0.55425,0.85553,0.96939,0.97917,0.99147,0.94468,0.31614,0.54882,0.97328,0.000102709,0.000102709,0.000102709
77,115.62,0.20329,0.59914,0.91103,0.97119,0.97917,0.99042,0.94263,0.3031,0.53162,0.95867,8.50255e-05,8.50255e-05,8.50255e-05
78,117.019,0.19363,0.54611,0.86563,0.97304,0.97917,0.9916,0.94395,0.30007,0.51326,0.96163,6.73416e-05,6.73416e-05,6.73416e-05
79,118.361,0.1748,0.51665,0.85639,0.97418,0.97917,0.99278,0.94667,0.29746,0.50145,0.96217,4.96578e-05,4.96578e-05,4.96578e-05
80,119.747,0.19085,0.51155,0.88735,0.97494,0.97917,0.9916,0.94616,0.29805,0.49555,0.96935,3.19739e-05,3.19739e-05,3.19739e-05
